id,gender,age,has_car,children,salary,hired
2001,1.0,32,0.0,1,180000,0
2006,1.0,20,1.0,0,250000,1
2012,0.0,24,,0,310000,0
2013,0.0,42,1.0,1,110000,0
2014,0.0,25,1.0,1,300000,0
2017,0.0,31,0.0,0,240000,0
2019,1.0,31,0.0,0,150000,0
2021,0.0,24,0.0,0,100000,0
2025,0.0,33,0.0,0,170000,0
2026,1.0,1900,0.0,0,360000,0
2028,0.0,35,1.0,1,310000,0
2038,0.0,21,0.0,0,350000,0
2044,0.0,37,0.0,0,390000,0
2045,0.0,30,,0,90000,0
2046,0.0,26,0.0,0,180000,0
2047,0.0,26,1.0,0,10000,1
2056,1.0,33,1.0,2,330000,0
2062,0.0,23,1.0,1,28000000,0
2065,1.0,38,0.0,0,290000,0
2070,0.0,26,0.0,0,310000,0
2079,0.0,24,1.0,0,300000,0
2080,0.0,32,1.0,1,350000,0
2084,1.0,29,,1,80000,0
2090,1.0,22,0.0,0,340000,0
2092,,25,0.0,0,360000,0
2094,1.0,35,0.0,1,100000,0
2099,1.0,24,1.0,0,360000,0
2100,1.0,35,1.0,1,360000,0
2102,1.0,37,1.0,0,0,0
2103,1.0,32,0.0,0,320000,0
2104,1.0,25,0.0,0,30000,0
2106,1.0,28,0.0,0,270000,0
2109,0.0,22,1.0,0,160000,1
2115,1.0,22,0.0,1,40000,0
2121,0.0,20,0.0,0,270000,0
2123,1.0,24,0.0,0,290000,0
2127,1.0,30,1.0,1,220000,0
2130,1.0,22,1.0,0,210000,1
2142,0.0,28,1.0,1,350000,0
2158,0.0,23,0.0,0,130000,0
2170,0.0,22,1.0,0,200000,1
2174,0.0,23,1.0,0,380000,0
2176,1.0,23,0.0,0,360000,0
2178,1.0,29,1.0,1,140000,0
2188,0.0,38,1.0,1,70000,0
2193,0.0,28,0.0,0,30000,0
2199,0.0,25,1.0,0,140000,1
2209,1.0,27,0.0,1,390000,0
2211,1.0,28,0.0,0,40000,0
2213,1.0,1964,0.0,0,150000,0
2215,0.0,30,0.0,0,240000,0
2216,0.0,34,0.0,0,80000,0
2220,,23,1.0,0,360000,0
2222,1.0,23,0.0,1,70000,0
2224,0.0,34,0.0,0,380000,0
2226,1.0,31,0.0,2,160000,0
2229,1.0,36,1.0,1,140000,0
2238,0.0,26,1.0,0,340000,0
2240,0.0,26,1.0,1,10000,0
2243,1.0,39,1.0,1,60000,0
2247,0.0,30,0.0,0,20000,0
2254,1.0,26,1.0,0,40000,1
2264,1.0,26,1.0,1,12000000,0
2269,0.0,26,,0,140000,0
2271,1.0,33,0.0,1,270000,0
2280,1.0,26,0.0,0,220000,0
2281,1.0,30,0.0,0,170000,0
2286,0.0,26,1.0,1,370000,0
2289,0.0,36,0.0,0,240000,0
2292,0.0,21,1.0,1,350000,0
2293,,26,0.0,0,13000000,0
2298,1.0,26,0.0,0,200000,0
2308,0.0,83,0.0,0,270000,0
2311,0.0,45,0.0,0,320000,0
2316,1.0,32,1.0,0,500000,0
2319,0.0,27,0.0,0,340000,0
2320,,23,0.0,0,180000,0
2330,1.0,29,1.0,0,360000,0
2333,1.0,33,0.0,1,190000,0
2339,0.0,23,1.0,0,150000,1
2340,1.0,25,0.0,0,16000000,0
2342,0.0,22,1.0,0,320000,0
2344,0.0,24,0.0,1,210000,0
2345,1.0,26,1.0,0,390000,0
2354,0.0,23,1.0,0,0,1
2357,1.0,44,0.0,0,230000,0
2360,1.0,23,1.0,0,270000,1
2365,,25,1.0,0,340000,0
2369,0.0,26,0.0,1,240000,0
2374,1.0,23,0.0,1,220000,0
2375,1.0,27,0.0,0,260000,0
2377,0.0,27,0.0,0,290000,0
2389,1.0,22,1.0,0,40000,1
2394,0.0,27,1.0,1,310000,0
2395,0.0,24,1.0,0,390000,0
2402,0.0,24,0.0,0,250000,0
2406,1.0,25,1.0,0,300000,0
2410,0.0,23,0.0,0,20000,0
2415,1.0,25,1.0,2,0,0
2420,0.0,24,1.0,1,10000,0
2424,,29,0.0,0,110000,0
2425,0.0,31,0.0,0,290000,0
2428,1.0,21,1.0,1,190000,0
2431,1.0,28,1.0,0,390000,0
2442,0.0,33,0.0,1,0,0
2445,1.0,23,0.0,1,10000,0
2447,0.0,23,0.0,1,280000,0
2452,0.0,40,0.0,2,330000,0
2455,0.0,29,1.0,1,80000,0
2463,0.0,32,1.0,0,20000,1
2468,1.0,25,0.0,0,280000,0
2472,1.0,23,1.0,1,340000,0
2479,1.0,25,1.0,0,130000,1
2480,0.0,23,0.0,0,310000,0
2485,1.0,34,0.0,1,200000,0
2487,0.0,24,0.0,1,300000,0
2489,0.0,30,1.0,0,10000,1
2490,1.0,24,0.0,0,250000,0
2497,1.0,22,1.0,0,100000,1
2502,0.0,23,1.0,0,260000,1
2508,0.0,23,1.0,1,100000,0
2509,1.0,36,0.0,0,120000,0
2520,0.0,29,0.0,2,260000,0
2521,1.0,26,0.0,0,90000,0
2522,0.0,25,0.0,0,280000,0
2526,1.0,26,1.0,0,10000,1
2534,0.0,25,0.0,1,80000,0
2535,0.0,26,1.0,1,290000,0
2539,1.0,24,0.0,0,100000,0
2540,1.0,21,1.0,0,210000,1
2548,0.0,38,1.0,0,70000,0
2556,0.0,24,0.0,1,80000,0
2558,0.0,29,0.0,0,100000,0
2560,1.0,34,0.0,0,70000,0
2565,0.0,32,0.0,0,250000,0
2567,1.0,27,0.0,0,250000,0
2568,1.0,22,0.0,0,140000,0
2570,0.0,26,0.0,0,60000,0
2579,1.0,28,1.0,1,350000,0
2584,0.0,25,,1,170000,0
2590,1.0,38,0.0,1,310000,0
2591,1.0,28,1.0,0,190000,1
2592,1.0,28,0.0,1,170000,0
2600,1.0,20,1.0,0,90000,1
2604,1.0,29,1.0,0,70000,1
2606,1.0,29,1.0,0,170000,1
2608,0.0,25,1.0,2,270000,0
2617,1.0,35,0.0,1,200000,0
2625,0.0,23,1.0,1,30000,0
2627,0.0,29,1.0,0,220000,1
2628,1.0,24,0.0,0,290000,0
2629,1.0,20,1.0,0,180000,1
2632,0.0,28,0.0,2,370000,0
2635,1.0,29,0.0,1,60000,0
2639,1.0,1966,0.0,0,260000,0
2653,1.0,32,0.0,0,220000,0
2660,0.0,24,0.0,0,500000,0
2661,0.0,46,0.0,0,330000,0
2662,1.0,30,0.0,0,330000,0
2663,0.0,27,1.0,0,230000,1
2667,1.0,23,1.0,1,300000,0
2668,0.0,29,1.0,0,330000,0
2670,1.0,29,0.0,1,0,0
2672,0.0,26,1.0,0,170000,1
2681,0.0,22,1.0,0,230000,1
2682,1.0,20,1.0,0,0,1
2687,0.0,29,1.0,0,160000,1
2688,0.0,65,0.0,0,20000,0
2689,0.0,24,0.0,0,340000,0
2691,0.0,21,0.0,1,140000,0
2694,0.0,24,1.0,0,60000,1
2701,1.0,25,0.0,1,250000,0
2704,1.0,25,0.0,0,130000,0
2709,1.0,35,0.0,1,270000,0
2710,1.0,29,0.0,0,280000,0
2711,0.0,22,0.0,0,330000,0
2715,1.0,25,0.0,0,30000,0
2719,0.0,26,0.0,0,60000,0
2729,1.0,35,1.0,0,30000,0
2730,0.0,30,0.0,0,12000000,0
2744,0.0,36,1.0,0,230000,0
2745,0.0,23,0.0,0,250000,0
2746,1.0,30,0.0,0,330000,0
2750,0.0,29,1.0,0,200000,1
2752,1.0,21,0.0,0,150000,0
2754,1.0,34,1.0,1,80000,0
2757,1.0,21,0.0,1,40000,0
2767,1.0,28,1.0,0,350000,0
2768,0.0,33,1.0,0,260000,1
2771,1.0,28,0.0,0,300000,0
2774,0.0,20,0.0,0,260000,0
2776,1.0,27,1.0,1,280000,0
2778,1.0,29,0.0,0,30000,0
2781,0.0,45,0.0,0,310000,0
2787,0.0,24,0.0,0,190000,0
2792,1.0,36,1.0,1,70000,0
2810,0.0,37,1.0,0,110000,0
2813,1.0,29,1.0,0,270000,1
2814,1.0,21,1.0,0,390000,0
2821,1.0,24,1.0,0,190000,1
2822,0.0,40,1.0,0,280000,0
2827,0.0,23,1.0,0,50000,1
2828,1.0,27,0.0,0,240000,0
2840,0.0,28,1.0,1,360000,0
2842,0.0,33,0.0,0,0,0
2848,,21,0.0,0,0,0
2849,0.0,22,0.0,2,260000,0
2853,0.0,36,1.0,0,30000,0
2854,1.0,27,1.0,2,500000,0
2859,1.0,22,1.0,0,160000,1
2864,0.0,24,0.0,0,70000,0
2865,1.0,21,0.0,0,140000,0
2868,0.0,25,1.0,0,30000,1
2871,1.0,35,1.0,0,250000,0
2876,1.0,26,,2,290000,0
2880,1.0,26,1.0,1,310000,0
2887,1.0,24,1.0,0,270000,1
2888,1.0,1900,0.0,0,110000,0
2895,0.0,25,0.0,0,80000,0
2899,1.0,24,0.0,1,90000,0
2906,0.0,26,1.0,0,380000,0
2910,1.0,42,0.0,1,4000000,0
2913,1.0,36,0.0,2,220000,0
2916,1.0,23,0.0,0,80000,0
2918,0.0,25,0.0,1,70000,0
2929,1.0,23,1.0,1,340000,0
2933,0.0,31,0.0,0,20000,0
2943,0.0,25,1.0,0,210000,1
2946,0.0,23,0.0,0,360000,0
2948,1.0,23,0.0,0,50000,0
2965,1.0,25,1.0,1,70000,0
2978,0.0,37,0.0,0,320000,0
2985,1.0,27,0.0,1,290000,0
2986,1.0,27,1.0,0,110000,1
2987,1.0,23,1.0,1,0,0
2991,0.0,25,0.0,0,17000000,0
2999,1.0,20,1.0,0,330000,0
3000,1.0,25,1.0,0,320000,0
3007,1.0,23,0.0,0,300000,0
3015,1.0,28,0.0,0,310000,0
3024,1.0,48,0.0,0,190000,0
3026,1.0,1903,1.0,1,90000,0
3029,1.0,25,1.0,0,120000,1
3030,1.0,24,0.0,0,120000,0
3041,0.0,27,1.0,0,20000,1
3042,1.0,28,1.0,0,100000,1
3047,0.0,32,1.0,1,160000,0
3048,0.0,25,1.0,0,320000,0
3051,1.0,20,0.0,0,30000,0
3052,0.0,24,0.0,0,180000,0
3057,1.0,23,1.0,0,280000,1
3058,1.0,33,0.0,1,190000,0
3066,1.0,32,0.0,0,220000,0
3069,1.0,40,0.0,0,200000,0
3074,1.0,28,0.0,1,200000,0
3078,1.0,28,0.0,1,290000,0
3085,1.0,29,0.0,0,190000,0
3092,1.0,27,0.0,0,90000,0
3096,0.0,44,1.0,1,70000,0
3099,0.0,38,0.0,0,130000,0
3101,0.0,20,0.0,0,70000,0
3106,1.0,20,,0,280000,0
3110,0.0,26,1.0,0,350000,0
3113,1.0,31,1.0,0,90000,1
3114,1.0,42,0.0,0,330000,0
3116,1.0,28,1.0,1,300000,0
3118,1.0,23,0.0,0,240000,0
3119,0.0,28,1.0,1,330000,0
3122,1.0,23,0.0,1,4000000,0
3132,1.0,25,1.0,0,210000,1
3133,1.0,35,0.0,0,290000,0
3134,1.0,32,1.0,0,220000,1
3138,1.0,42,1.0,0,190000,0
3139,1.0,27,1.0,0,80000,1
3140,1.0,28,0.0,0,210000,0
3141,0.0,24,0.0,0,20000,0
3149,0.0,1900,0.0,0,380000,0
3151,1.0,24,1.0,1,220000,0
3155,1.0,27,1.0,0,140000,1
3159,1.0,27,0.0,1,140000,0
3168,1.0,37,1.0,0,300000,0
3169,1.0,23,0.0,0,210000,0
3172,0.0,25,0.0,0,300000,0
3173,0.0,22,0.0,0,500000,0
3174,,26,,1,220000,0
3178,1.0,24,1.0,1,270000,0
3181,0.0,22,0.0,0,120000,0
3187,0.0,26,0.0,0,320000,0
3188,1.0,26,0.0,0,250000,0
3206,1.0,27,0.0,2,120000,0
3209,1.0,24,0.0,0,150000,0
3211,1.0,22,0.0,1,220000,0
3215,0.0,23,1.0,1,300000,0
3218,1.0,31,1.0,0,390000,0
3220,1.0,21,1.0,0,30000,1
3221,0.0,23,,0,140000,0
3224,1.0,21,1.0,0,160000,1
3225,0.0,23,0.0,0,290000,0
3226,1.0,23,1.0,0,240000,1
3228,0.0,26,1.0,0,250000,1
3231,1.0,28,1.0,1,340000,0
3232,1.0,24,0.0,0,70000,0
3235,0.0,28,0.0,0,290000,0
3243,0.0,28,0.0,1,200000,0
3249,1.0,26,1.0,0,70000,1
3250,1.0,27,1.0,0,230000,1
3251,0.0,31,1.0,0,320000,0
3253,1.0,38,1.0,0,150000,0
3254,1.0,27,1.0,0,360000,0
3255,1.0,28,1.0,0,370000,0
3258,1.0,23,0.0,1,240000,0
3261,1.0,41,,1,380000,0
3266,1.0,24,0.0,0,90000,0
3268,1.0,45,0.0,1,36000000,0
3271,0.0,29,1.0,0,40000,1
3272,0.0,31,,0,23000000,0
3281,1.0,22,1.0,0,60000,1
3284,0.0,31,1.0,0,50000,1
3288,0.0,24,1.0,0,130000,1
3291,0.0,30,0.0,0,10000000,0
3297,0.0,22,0.0,1,60000,0
3298,0.0,1996,0.0,0,140000,0
3299,1.0,23,1.0,1,80000,0
3306,1.0,29,0.0,0,80000,0
3307,1.0,29,0.0,0,290000,0
3309,0.0,24,0.0,0,250000,0
3310,1.0,23,1.0,0,300000,0
3311,0.0,31,0.0,0,220000,0
3314,1.0,24,0.0,0,40000,0
3321,0.0,30,1.0,0,200000,1
3338,1.0,1990,0.0,0,10000,0
3341,1.0,1991,1.0,0,190000,0
3345,0.0,21,0.0,0,170000,0
3346,1.0,21,0.0,1,30000,0
3350,0.0,53,1.0,0,360000,0
3354,0.0,24,1.0,1,0,0
3373,0.0,34,1.0,1,320000,0
3376,0.0,23,0.0,0,90000,0
3377,0.0,22,0.0,1,10000,0
3383,1.0,25,1.0,0,160000,1
3387,1.0,1948,0.0,0,270000,0
3389,1.0,21,0.0,0,140000,0
3392,1.0,21,0.0,0,150000,0
3396,0.0,34,1.0,1,370000,0
3404,1.0,24,0.0,1,50000,0
3406,1.0,29,1.0,1,380000,0
3409,0.0,1954,1.0,1,170000,0
3412,1.0,22,0.0,0,360000,0
3416,0.0,24,0.0,0,120000,0
3432,1.0,23,,0,240000,0
3440,0.0,21,0.0,0,50000,0
3442,0.0,30,1.0,0,330000,0
3447,1.0,30,1.0,0,140000,1
3451,1.0,25,0.0,0,270000,0
3460,0.0,24,1.0,0,100000,1
3471,0.0,21,1.0,1,100000,0
3472,1.0,25,1.0,2,110000,0
3473,1.0,22,0.0,0,260000,0
3476,,26,0.0,0,280000,0
3477,0.0,37,1.0,0,80000,0
3478,1.0,31,1.0,1,500000,0
3479,1.0,31,0.0,0,0,0
3486,1.0,1900,1.0,0,300000,0
3494,0.0,26,,0,160000,0
3498,1.0,23,1.0,0,170000,1
3499,1.0,25,1.0,0,360000,0
3505,0.0,24,1.0,1,70000,0
3506,0.0,24,0.0,0,300000,0
3513,0.0,38,0.0,0,200000,0
3514,0.0,23,1.0,0,310000,0
3518,1.0,36,0.0,1,100000,0
3520,1.0,22,0.0,0,340000,0
3522,1.0,22,0.0,0,270000,0
3523,0.0,29,0.0,0,220000,0
3528,1.0,38,,0,340000,0
3530,0.0,44,0.0,0,200000,0
3542,1.0,28,0.0,1,70000,0
3545,0.0,28,,0,280000,0
3550,0.0,30,0.0,0,200000,0
3553,0.0,21,1.0,0,390000,0
3555,1.0,24,0.0,0,160000,0
3565,1.0,33,0.0,0,20000,0
3573,0.0,39,1.0,0,200000,0
3575,1.0,22,0.0,1,360000,0
3578,0.0,20,0.0,1,80000,0
3579,0.0,25,0.0,0,390000,0
3583,1.0,20,0.0,1,150000,0
3590,1.0,34,1.0,0,100000,1
3592,1.0,1945,0.0,2,220000,0
3595,1.0,1937,0.0,2,50000,0
3606,1.0,52,1.0,3,230000,0
3615,0.0,22,0.0,0,70000,0
3620,,27,,1,35000000,0
3630,1.0,22,1.0,0,390000,0
3632,0.0,22,1.0,0,28000000,0
3644,1.0,25,,0,150000,0
3648,1.0,33,0.0,0,310000,0
3649,0.0,28,0.0,0,130000,0
3652,1.0,22,1.0,0,100000,1
3656,0.0,25,1.0,0,110000,1
3657,1.0,33,1.0,0,250000,1
3661,1.0,39,1.0,0,310000,0
3668,1.0,30,1.0,0,140000,1
3669,1.0,24,1.0,0,340000,0
3672,1.0,26,1.0,0,370000,0
3676,0.0,28,0.0,0,320000,0
3690,0.0,1989,0.0,1,160000,0
3709,1.0,27,0.0,0,90000,0
3714,0.0,31,1.0,0,350000,0
3715,,28,,0,270000,0
3727,1.0,25,1.0,0,50000,1
3729,0.0,27,0.0,0,150000,0
3738,1.0,25,0.0,0,0,0
3742,1.0,29,1.0,2,27000000,0
3743,0.0,25,1.0,0,20000,1
3744,1.0,21,0.0,2,80000,0
3745,1.0,23,1.0,0,330000,0
3746,0.0,37,0.0,0,0,0
3747,1.0,25,0.0,0,20000,0
3750,1.0,31,0.0,0,310000,0
3751,0.0,23,0.0,0,180000,0
3758,1.0,36,1.0,1,140000,0
3759,1.0,24,0.0,0,250000,0
3761,1.0,26,0.0,0,230000,0
3764,1.0,23,1.0,0,150000,1
3770,1.0,22,0.0,0,190000,0
3773,0.0,32,1.0,0,70000,1
3774,0.0,23,1.0,0,140000,1
3780,,1946,,1,110000,0
3781,1.0,26,1.0,0,30000,1
3784,1.0,54,0.0,1,240000,0
3786,0.0,28,1.0,0,210000,1
3792,0.0,25,0.0,0,270000,0
3802,0.0,24,0.0,1,60000,0
3808,0.0,26,0.0,0,170000,0
3811,1.0,25,0.0,1,80000,0
3812,1.0,27,1.0,0,350000,0
3815,1.0,23,,0,260000,0
3817,1.0,26,0.0,0,160000,0
3830,1.0,23,0.0,0,110000,0
3831,0.0,26,1.0,1,10000000,0
3834,0.0,28,1.0,0,70000,1
3836,1.0,25,0.0,1,190000,0
3837,0.0,24,1.0,1,260000,0
3844,1.0,1942,1.0,0,100000,0
3845,,28,1.0,0,0,1
3846,1.0,32,0.0,0,390000,0
3859,1.0,26,1.0,1,200000,0
3863,0.0,28,1.0,0,140000,1
3870,1.0,21,1.0,0,180000,1
3871,1.0,28,1.0,2,22000000,0
3877,0.0,21,1.0,1,180000,0
3879,1.0,24,1.0,0,250000,1
3882,0.0,29,0.0,0,0,0
3884,1.0,26,1.0,0,350000,0
3885,0.0,27,0.0,0,180000,0
3888,1.0,23,0.0,0,200000,0
3890,0.0,30,1.0,0,0,1
3894,1.0,24,0.0,0,20000,0
3896,1.0,36,0.0,0,140000,0
3899,1.0,1900,0.0,0,290000,0
3901,0.0,28,0.0,1,50000,0
3906,0.0,25,,0,30000,0
3916,1.0,24,1.0,0,120000,1
3920,0.0,24,0.0,0,270000,0
3922,1.0,29,0.0,0,80000,0
3928,1.0,41,1.0,0,120000,0
3933,1.0,30,,1,210000,0
3942,1.0,27,0.0,0,60000,0
3944,1.0,24,0.0,1,240000,0
3946,1.0,33,1.0,1,230000,0
3950,1.0,24,0.0,0,170000,0
3953,,28,0.0,0,230000,0
3963,1.0,26,1.0,0,210000,1
3974,1.0,36,0.0,0,310000,0
3975,1.0,1957,1.0,0,350000,0
3977,1.0,22,0.0,0,140000,0
3978,1.0,25,0.0,0,200000,0
3981,0.0,24,1.0,0,40000,1
3983,1.0,38,1.0,0,180000,0
3985,1.0,23,,1,160000,0
3986,1.0,1900,,0,370000,0
3988,1.0,22,0.0,0,100000,0
3992,1.0,24,1.0,1,370000,0
3996,0.0,23,0.0,0,380000,0
4000,1.0,1902,0.0,0,330000,0
4002,1.0,33,0.0,0,80000,0
4004,0.0,23,0.0,1,330000,0
4006,0.0,22,0.0,0,130000,0
4014,0.0,21,,0,110000,0
4016,,33,,1,280000,0
4018,0.0,37,1.0,1,150000,0
4019,1.0,34,1.0,1,50000,0
4020,0.0,22,1.0,0,20000,1
4022,1.0,20,1.0,0,180000,1
4029,0.0,23,1.0,0,120000,1
4032,0.0,30,0.0,0,16000000,0
4042,0.0,27,0.0,0,40000,0
4045,1.0,36,0.0,0,380000,0
4047,1.0,25,1.0,1,500000,0
4059,1.0,23,1.0,1,140000,0
4063,0.0,26,1.0,0,30000,1
4066,,25,0.0,1,200000,0
4074,1.0,36,1.0,0,240000,0
4075,1.0,27,1.0,1,30000,0
4078,1.0,29,1.0,1,200000,0
4079,0.0,28,1.0,1,10000,0
4082,0.0,31,0.0,0,50000,0
4084,0.0,23,0.0,0,360000,0
4087,1.0,21,0.0,3,180000,0
4090,1.0,1921,0.0,0,70000,0
4097,0.0,34,1.0,0,120000,1
4104,0.0,28,,0,220000,0
4107,1.0,31,0.0,1,210000,0
4109,0.0,25,0.0,0,0,0
4114,1.0,24,1.0,0,100000,1
4115,0.0,25,1.0,1,270000,0
4125,0.0,32,,0,380000,0
4131,0.0,21,0.0,2,270000,0
4135,1.0,28,0.0,1,30000,0
4138,,27,0.0,0,230000,0
4146,0.0,28,1.0,1,370000,0
4155,0.0,39,0.0,0,130000,0
4156,1.0,25,1.0,0,170000,1
4157,1.0,22,1.0,0,10000,1
4158,0.0,39,1.0,0,20000,0
4173,1.0,28,1.0,0,360000,0
4174,0.0,25,0.0,0,140000,0
4190,0.0,41,1.0,0,60000,0
4192,1.0,29,0.0,0,90000,0
4199,1.0,27,1.0,1,270000,0
4207,1.0,24,1.0,1,370000,0
4211,1.0,28,0.0,0,170000,0
4213,0.0,26,1.0,0,240000,1
4226,1.0,27,1.0,0,300000,0
4227,1.0,23,0.0,0,200000,0
4238,1.0,25,0.0,0,310000,0
4240,1.0,32,1.0,0,330000,0
4249,0.0,37,1.0,0,340000,0
4253,0.0,33,1.0,2,270000,0
4255,0.0,26,1.0,0,0,1
4260,0.0,27,0.0,0,350000,0
4271,0.0,30,0.0,1,390000,0
4272,1.0,22,1.0,2,320000,0
4277,0.0,32,1.0,2,50000,0
4282,1.0,27,0.0,0,30000,0
4286,1.0,25,1.0,0,190000,1
4287,0.0,29,0.0,0,250000,0
4290,0.0,21,0.0,3,180000,0
4291,1.0,23,0.0,0,8000000,0
4294,1.0,25,0.0,1,320000,0
4297,1.0,20,1.0,1,80000,0
4303,0.0,23,,0,110000,0
4305,0.0,25,0.0,0,140000,0
4309,1.0,20,1.0,0,60000,1
4311,0.0,29,1.0,0,110000,1
4312,0.0,1900,0.0,0,70000,0
4315,0.0,21,1.0,0,160000,1
4323,0.0,24,1.0,2,240000,0
4329,0.0,21,,0,130000,0
4332,0.0,27,1.0,0,100000,1
4334,0.0,31,1.0,0,160000,1
4339,1.0,23,1.0,0,300000,0
4343,1.0,26,0.0,0,170000,0
4345,1.0,31,1.0,1,40000,0
4348,1.0,22,0.0,0,310000,0
4353,0.0,32,1.0,1,330000,0
4355,0.0,30,0.0,0,230000,0
4357,0.0,28,1.0,0,320000,0
4363,0.0,26,1.0,0,320000,0
4365,1.0,30,1.0,1,380000,0
4366,1.0,26,0.0,2,70000,0
4370,1.0,29,0.0,0,20000,0
4372,0.0,26,1.0,0,220000,1
4374,1.0,27,1.0,1,290000,0
4379,1.0,30,1.0,0,130000,1
4383,1.0,42,,1,100000,0
4389,1.0,23,1.0,2,270000,0
4397,0.0,23,1.0,0,100000,1
4398,1.0,20,1.0,1,250000,0
4399,0.0,26,0.0,2,280000,0
4415,0.0,1963,0.0,1,0,0
4416,0.0,24,0.0,1,100000,0
4417,1.0,28,1.0,1,170000,0
4419,,27,1.0,0,110000,1
4430,0.0,30,,0,140000,0
4438,0.0,36,1.0,0,260000,0
4442,1.0,24,1.0,0,250000,1
4445,0.0,1989,0.0,1,240000,0
4448,1.0,29,1.0,0,120000,1
4452,1.0,42,,0,90000,0
4453,0.0,23,,0,130000,0
4456,1.0,28,1.0,1,120000,0
4470,0.0,32,1.0,1,500000,0
4475,1.0,20,0.0,0,10000,0
4478,1.0,24,0.0,0,290000,0
4483,1.0,29,0.0,0,70000,0
4493,1.0,23,0.0,0,380000,0
4494,1.0,25,0.0,1,230000,0
4498,1.0,28,1.0,1,10000,0
4507,0.0,26,1.0,0,380000,0
4512,0.0,23,1.0,0,160000,1
4513,1.0,34,0.0,0,230000,0
4514,0.0,32,1.0,2,330000,0
4518,1.0,29,0.0,0,310000,0
4530,1.0,23,0.0,0,110000,0
4539,1.0,22,0.0,1,10000,0
4545,,24,1.0,1,180000,0
4548,1.0,20,1.0,0,40000,1
4550,0.0,25,0.0,1,240000,0
4553,1.0,24,0.0,2,90000,0
4557,1.0,28,0.0,0,50000,0
4559,0.0,30,1.0,0,19000000,0
4561,0.0,25,0.0,0,100000,0
4569,0.0,22,1.0,0,50000,1
4575,1.0,1900,1.0,1,230000,0
4581,0.0,40,0.0,0,130000,0
4582,,20,0.0,1,110000,0
4586,1.0,26,0.0,0,40000,0
4587,1.0,28,1.0,0,50000,1
4596,1.0,25,0.0,1,380000,0
4599,0.0,23,0.0,0,190000,0
4604,0.0,24,1.0,1,230000,0
4610,1.0,22,0.0,1,270000,0
4612,0.0,22,1.0,0,100000,1
4615,0.0,23,1.0,0,360000,0
4617,0.0,25,1.0,1,240000,0
4627,1.0,24,0.0,0,0,0
4631,1.0,23,1.0,0,350000,0
4650,1.0,24,,1,240000,0
4652,1.0,19,1.0,0,70000,1
4654,1.0,27,0.0,1,280000,0
4662,1.0,30,1.0,1,310000,0
4672,0.0,45,0.0,1,310000,0
4674,0.0,40,0.0,0,250000,0
4675,1.0,27,1.0,0,210000,1
4677,0.0,25,0.0,1,40000,0
4678,1.0,27,1.0,1,180000,0
4679,1.0,23,0.0,0,350000,0
4681,0.0,26,0.0,0,390000,0
4683,0.0,25,1.0,0,140000,1
4686,1.0,23,1.0,1,38000000,0
4693,0.0,24,0.0,0,20000,0
4694,0.0,27,0.0,0,220000,0
4698,0.0,23,1.0,0,280000,1
4705,0.0,33,1.0,0,0,1
4708,1.0,25,0.0,2,390000,0
4709,0.0,36,1.0,0,390000,0
4710,0.0,25,0.0,0,39000000,0
4712,1.0,22,1.0,1,50000,0
4721,1.0,25,,0,25000000,0
4724,1.0,28,1.0,0,140000,1
4727,1.0,47,1.0,0,190000,0
4729,1.0,30,0.0,0,280000,0
4735,0.0,25,0.0,0,360000,0
4737,0.0,25,1.0,0,260000,1
4743,0.0,1900,1.0,0,10000,0
4749,0.0,27,0.0,1,20000,0
4756,1.0,26,1.0,0,330000,0
4757,0.0,31,0.0,0,360000,0
4758,1.0,58,0.0,2,60000,0
4760,1.0,21,1.0,0,150000,1
4770,1.0,32,0.0,0,50000,0
4773,0.0,25,1.0,1,150000,0
4778,,57,0.0,0,40000,0
4780,1.0,35,0.0,0,160000,0
4782,0.0,30,0.0,0,360000,0
4784,0.0,25,1.0,1,270000,0
4786,0.0,24,0.0,0,260000,0
4799,1.0,23,0.0,0,90000,0
4800,0.0,22,0.0,1,0,0
4802,1.0,22,0.0,0,50000,0
4807,0.0,23,0.0,0,170000,0
4812,1.0,31,0.0,0,180000,0
4817,1.0,33,0.0,1,260000,0
4824,1.0,36,0.0,1,70000,0
4826,1.0,25,0.0,1,290000,0
4827,,31,0.0,0,330000,0
4831,0.0,39,1.0,0,40000,0
4832,1.0,22,0.0,0,270000,0
4834,1.0,27,,1,100000,0
4836,0.0,60,0.0,0,260000,0
4840,1.0,23,1.0,0,10000,1
4841,0.0,32,1.0,1,180000,0
4844,0.0,24,1.0,0,330000,0
4847,0.0,26,1.0,1,40000,0
4848,1.0,24,1.0,0,60000,1
4853,1.0,23,0.0,0,50000,0
4857,1.0,25,1.0,0,250000,1
4859,1.0,36,1.0,0,140000,0
4862,0.0,24,1.0,0,360000,0
4873,1.0,32,0.0,0,80000,0
4876,1.0,29,0.0,0,130000,0
4883,1.0,1997,0.0,0,110000,0
4886,0.0,23,1.0,0,350000,0
4897,,24,0.0,0,160000,0
4899,1.0,22,1.0,0,290000,1
4906,0.0,34,1.0,0,200000,1
4914,1.0,22,0.0,0,170000,0
4915,1.0,24,1.0,0,300000,0
4917,0.0,21,0.0,0,270000,0
4922,1.0,30,1.0,1,250000,0
4929,1.0,22,,1,380000,0
4930,1.0,21,1.0,0,340000,0
4942,0.0,42,0.0,0,60000,0
4943,0.0,20,0.0,0,20000,0
4951,0.0,29,0.0,0,240000,0
4952,0.0,22,1.0,0,10000,1
4960,1.0,27,1.0,0,260000,1
4961,0.0,25,1.0,1,290000,0
4964,1.0,28,,1,10000,0
4966,1.0,27,1.0,0,40000,1
4968,0.0,1942,1.0,1,90000,0
4970,1.0,29,1.0,1,150000,0
4972,1.0,41,0.0,1,190000,0
4976,1.0,29,1.0,1,360000,0
4982,0.0,23,0.0,0,370000,0
4983,1.0,42,1.0,1,320000,0
4989,1.0,29,1.0,0,320000,0
4997,1.0,25,1.0,1,140000,0
4998,1.0,23,1.0,0,90000,1
4999,0.0,22,1.0,0,320000,0
2002,0.0,38,0.0,0,70000,0
2003,0.0,24,0.0,0,200000,0
2005,0.0,30,0.0,0,250000,0
2009,1.0,24,0.0,1,210000,0
2015,0.0,24,0.0,0,330000,0
2016,1.0,31,1.0,0,180000,1
2022,1.0,24,0.0,0,40000,0
2023,0.0,22,1.0,1,110000,0
2024,1.0,25,,0,28000000,0
2032,0.0,30,1.0,0,40000,1
2033,1.0,31,0.0,0,90000,0
2034,0.0,28,0.0,1,290000,0
2036,0.0,29,1.0,0,150000,1
2037,1.0,24,0.0,0,170000,0
2048,0.0,24,1.0,0,60000,1
2054,1.0,23,0.0,0,180000,0
2057,0.0,24,0.0,1,110000,0
2066,0.0,25,1.0,0,240000,1
2067,1.0,25,0.0,0,320000,0
2077,0.0,1946,1.0,1,140000,0
2083,1.0,23,1.0,0,10000,1
2087,1.0,25,0.0,0,260000,0
2091,0.0,32,1.0,0,90000,1
2096,1.0,24,0.0,0,230000,0
2098,1.0,21,1.0,0,80000,1
2101,1.0,29,1.0,2,220000,0
2110,0.0,22,0.0,0,290000,0
2111,1.0,25,0.0,1,290000,0
2112,0.0,23,0.0,0,310000,0
2116,1.0,21,1.0,0,380000,0
2117,0.0,43,0.0,0,80000,0
2118,0.0,32,,0,80000,0
2120,1.0,21,0.0,0,220000,0
2122,0.0,33,0.0,1,80000,0
2124,1.0,25,0.0,1,340000,0
2125,1.0,19,0.0,0,300000,0
2126,0.0,25,0.0,0,120000,0
2129,1.0,22,1.0,0,230000,1
2132,1.0,27,,0,220000,0
2134,1.0,30,0.0,0,350000,0
2138,0.0,35,0.0,1,350000,0
2139,1.0,22,0.0,0,350000,0
2149,0.0,28,0.0,2,190000,0
2150,1.0,29,1.0,0,90000,1
2151,1.0,34,1.0,0,340000,0
2156,0.0,27,1.0,0,160000,1
2160,0.0,27,0.0,0,210000,0
2163,0.0,23,1.0,0,10000,1
2164,0.0,26,0.0,0,350000,0
2168,0.0,25,,0,90000,0
2183,1.0,24,1.0,0,290000,1
2192,0.0,21,1.0,0,160000,1
2194,1.0,36,1.0,0,310000,0
2196,1.0,27,0.0,0,190000,0
2197,1.0,26,0.0,0,180000,0
2198,0.0,29,0.0,0,20000,0
2200,1.0,29,0.0,0,300000,0
2203,0.0,22,,0,220000,0
2207,0.0,25,0.0,1,130000,0
2210,0.0,32,0.0,0,110000,0
2212,1.0,21,1.0,0,300000,0
2225,1.0,33,1.0,1,170000,0
2227,0.0,20,0.0,1,330000,0
2232,1.0,23,0.0,0,380000,0
2235,0.0,22,0.0,1,170000,0
2239,0.0,23,1.0,1,160000,0
2241,,1954,1.0,0,280000,0
2244,1.0,23,1.0,0,110000,1
2246,0.0,20,1.0,1,20000,0
2253,1.0,26,,0,140000,0
2255,0.0,1900,1.0,0,250000,0
2256,0.0,35,1.0,0,340000,0
2257,1.0,47,1.0,0,250000,0
2259,1.0,39,0.0,1,280000,0
2261,0.0,1991,,0,20000,0
2262,0.0,35,0.0,0,340000,0
2263,0.0,25,0.0,0,260000,0
2284,1.0,26,0.0,2,150000,0
2285,1.0,27,0.0,0,300000,0
2288,1.0,32,1.0,0,130000,1
2290,0.0,25,1.0,0,380000,0
2294,1.0,29,1.0,0,340000,0
2306,0.0,22,0.0,0,250000,0
2309,0.0,31,,0,120000,0
2312,1.0,32,1.0,2,170000,0
2314,0.0,24,1.0,0,100000,1
2315,1.0,29,0.0,0,240000,0
2317,1.0,35,,0,210000,0
2326,0.0,20,1.0,1,130000,0
2328,0.0,36,0.0,0,30000,0
2332,0.0,24,1.0,0,340000,0
2337,0.0,28,0.0,0,310000,0
2338,0.0,47,0.0,0,320000,0
2343,1.0,23,1.0,1,220000,0
2350,0.0,34,1.0,1,50000,0
2351,0.0,24,0.0,1,500000,0
2356,1.0,21,0.0,1,390000,0
2358,0.0,20,0.0,0,300000,0
2364,1.0,23,1.0,0,360000,0
2367,1.0,24,,0,170000,0
2368,0.0,46,0.0,0,60000,0
2372,0.0,22,0.0,1,350000,0
2379,0.0,26,0.0,0,340000,0
2380,0.0,26,0.0,0,320000,0
2381,0.0,2001,0.0,0,310000,0
2383,1.0,30,1.0,0,380000,0
2385,0.0,31,1.0,0,340000,0
2386,,25,0.0,0,320000,0
2393,0.0,24,0.0,0,350000,0
2400,1.0,22,1.0,0,70000,1
2405,1.0,22,1.0,3,70000,0
2407,0.0,31,0.0,0,70000,0
2408,1.0,23,0.0,0,130000,0
2409,1.0,26,0.0,0,380000,0
2412,1.0,23,1.0,0,150000,1
2414,1.0,22,0.0,0,250000,0
2416,0.0,24,1.0,2,0,0
2417,1.0,23,0.0,0,30000,0
2427,1.0,25,,0,240000,0
2432,0.0,33,0.0,0,310000,0
2436,1.0,20,0.0,0,50000,0
2439,0.0,26,1.0,0,210000,1
2440,1.0,1900,0.0,0,300000,0
2443,1.0,23,1.0,0,380000,0
2446,1.0,26,1.0,0,190000,1
2451,1.0,22,1.0,0,110000,1
2453,1.0,24,0.0,0,20000,0
2456,0.0,20,1.0,1,340000,0
2460,1.0,21,1.0,1,280000,0
2461,0.0,26,1.0,0,60000,1
2464,1.0,1962,1.0,0,250000,0
2471,0.0,31,0.0,1,310000,0
2473,0.0,25,0.0,0,80000,0
2495,1.0,26,0.0,0,370000,0
2496,0.0,33,0.0,1,320000,0
2498,1.0,22,0.0,0,170000,0
2499,0.0,27,1.0,1,160000,0
2504,0.0,29,0.0,1,100000,0
2505,0.0,24,1.0,1,210000,0
2506,0.0,34,0.0,0,350000,0
2510,0.0,21,0.0,0,250000,0
2515,,26,1.0,0,240000,1
2516,0.0,28,1.0,1,100000,0
2518,1.0,38,0.0,1,210000,0
2523,0.0,27,1.0,0,30000,1
2527,0.0,28,1.0,0,20000000,0
2532,0.0,28,0.0,0,190000,0
2536,1.0,27,1.0,0,200000,1
2542,1.0,23,0.0,0,0,0
2543,0.0,33,1.0,0,70000,1
2544,0.0,34,0.0,0,190000,0
2554,1.0,22,0.0,0,310000,0
2557,0.0,22,0.0,0,210000,0
2562,,22,1.0,0,30000,1
2564,1.0,29,,0,240000,0
2566,0.0,26,0.0,0,160000,0
2586,0.0,26,0.0,2,20000000,0
2588,1.0,21,1.0,0,230000,1
2595,0.0,32,0.0,0,310000,0
2596,1.0,28,1.0,0,380000,0
2598,0.0,21,0.0,0,230000,0
2601,1.0,30,0.0,1,350000,0
2603,0.0,21,0.0,1,30000,0
2605,1.0,27,1.0,0,40000,1
2609,1.0,30,1.0,0,250000,1
2611,0.0,24,0.0,0,70000,0
2612,1.0,25,1.0,0,170000,1
2613,1.0,27,,0,150000,0
2616,1.0,28,1.0,1,40000,0
2619,0.0,23,1.0,1,220000,0
2623,0.0,22,0.0,0,250000,0
2630,0.0,23,0.0,1,26000000,0
2631,0.0,27,0.0,0,330000,0
2637,1.0,22,1.0,0,310000,0
2644,1.0,29,1.0,0,320000,0
2646,0.0,28,0.0,0,150000,0
2647,0.0,32,1.0,0,380000,0
2649,0.0,28,1.0,1,38000000,0
2650,1.0,34,1.0,1,290000,0
2652,1.0,27,1.0,0,170000,1
2656,0.0,34,,1,270000,0
2657,0.0,24,1.0,2,40000,0
2659,1.0,26,0.0,0,290000,0
2669,0.0,23,1.0,0,140000,1
2676,1.0,24,1.0,0,0,1
2680,0.0,26,0.0,0,290000,0
2684,0.0,24,0.0,0,34000000,0
2685,,23,1.0,0,35000000,0
2690,1.0,28,1.0,0,150000,1
2692,0.0,33,0.0,0,60000,0
2693,1.0,20,0.0,0,260000,0
2696,1.0,65,1.0,0,90000,0
2698,1.0,26,1.0,0,350000,0
2699,1.0,35,1.0,1,150000,0
2700,0.0,22,1.0,2,30000,0
2705,0.0,36,1.0,0,380000,0
2707,1.0,29,0.0,0,60000,0
2713,,30,0.0,0,390000,0
2714,1.0,27,0.0,0,210000,0
2716,0.0,26,0.0,1,200000,0
2726,0.0,20,0.0,1,360000,0
2727,0.0,22,1.0,0,340000,0
2728,0.0,20,0.0,1,50000,0
2731,1.0,22,1.0,0,320000,0
2732,0.0,24,1.0,0,240000,1
2734,0.0,24,0.0,0,140000,0
2737,0.0,22,1.0,1,350000,0
2738,1.0,26,1.0,1,260000,0
2739,,24,1.0,0,70000,1
2749,1.0,24,1.0,0,280000,1
2751,0.0,22,0.0,0,190000,0
2755,0.0,25,0.0,0,100000,0
2760,1.0,38,1.0,0,190000,0
2762,0.0,21,1.0,0,310000,0
2764,1.0,24,0.0,0,230000,0
2765,0.0,23,1.0,0,280000,1
2766,0.0,27,0.0,0,220000,0
2770,0.0,22,,0,140000,0
2773,0.0,25,1.0,1,70000,0
2775,1.0,26,1.0,0,320000,0
2780,0.0,23,1.0,1,22000000,0
2784,0.0,22,0.0,0,160000,0
2791,0.0,25,0.0,1,220000,0
2793,1.0,32,0.0,0,290000,0
2797,1.0,32,0.0,0,190000,0
2798,1.0,36,0.0,0,280000,0
2802,1.0,31,1.0,0,80000,1
2803,1.0,27,0.0,0,180000,0
2805,0.0,24,0.0,0,250000,0
2811,0.0,28,,0,180000,0
2812,1.0,27,0.0,0,20000,0
2817,0.0,22,0.0,0,260000,0
2824,1.0,28,0.0,0,390000,0
2829,1.0,44,1.0,0,160000,0
2832,1.0,23,0.0,0,290000,0
2833,1.0,22,0.0,0,40000,0
2838,0.0,39,1.0,2,500000,0
2844,0.0,30,0.0,1,310000,0
2846,0.0,22,1.0,0,30000,1
2850,0.0,31,1.0,0,140000,1
2852,0.0,29,1.0,0,370000,0
2856,0.0,23,0.0,0,170000,0
2858,1.0,25,0.0,0,280000,0
2861,1.0,29,1.0,1,30000,0
2869,1.0,25,1.0,0,140000,1
2874,1.0,1928,0.0,0,60000,0
2882,0.0,26,1.0,0,280000,1
2884,1.0,45,1.0,0,200000,0
2885,1.0,22,0.0,0,290000,0
2890,0.0,26,1.0,0,10000,1
2893,,29,,0,140000,0
2896,0.0,36,1.0,0,190000,0
2898,1.0,21,1.0,0,180000,1
2907,1.0,24,0.0,1,0,0
2915,0.0,25,1.0,0,190000,1
2919,0.0,26,0.0,0,200000,0
2923,1.0,26,1.0,1,190000,0
2930,0.0,22,1.0,1,40000,0
2931,1.0,21,1.0,0,70000,1
2932,0.0,31,1.0,1,120000,0
2935,0.0,25,,2,170000,0
2937,1.0,26,0.0,0,180000,0
2940,0.0,25,1.0,0,240000,1
2944,1.0,28,1.0,0,50000,1
2949,1.0,21,1.0,0,110000,1
2964,1.0,21,1.0,0,220000,1
2969,1.0,38,,0,500000,0
2971,0.0,22,1.0,0,50000,1
2972,,21,1.0,0,100000,1
2974,,23,0.0,1,180000,0
2982,1.0,28,1.0,0,290000,1
2988,1.0,37,0.0,0,230000,0
2992,0.0,22,0.0,0,310000,0
2995,1.0,32,0.0,0,40000,0
2998,0.0,27,1.0,0,370000,0
3003,0.0,29,1.0,0,30000,1
3005,1.0,26,1.0,1,120000,0
3006,,27,,1,260000,0
3008,0.0,25,,0,120000,0
3009,0.0,25,0.0,0,280000,0
3011,1.0,29,0.0,0,380000,0
3012,1.0,25,1.0,1,90000,0
3020,0.0,44,1.0,0,310000,0
3023,1.0,30,0.0,0,70000,0
3032,1.0,23,1.0,0,220000,1
3039,1.0,24,,2,230000,0
3046,1.0,24,1.0,0,10000,1
3053,1.0,30,0.0,0,380000,0
3054,0.0,22,1.0,0,70000,1
3070,0.0,22,0.0,0,25000000,0
3077,0.0,25,1.0,1,340000,0
3079,0.0,27,0.0,0,30000,0
3082,0.0,28,0.0,0,320000,0
3083,1.0,23,0.0,0,320000,0
3086,0.0,22,1.0,0,330000,0
3088,0.0,21,1.0,0,160000,1
3095,1.0,30,1.0,0,320000,0
3105,1.0,32,1.0,0,170000,1
3107,0.0,32,1.0,1,360000,0
3108,0.0,1954,0.0,0,80000,0
3109,0.0,20,0.0,0,280000,0
3111,1.0,23,,0,220000,0
3112,0.0,22,0.0,0,110000,0
3115,1.0,24,0.0,0,0,0
3117,1.0,26,1.0,0,280000,1
3128,0.0,24,0.0,0,0,0
3130,0.0,31,0.0,0,290000,0
3131,1.0,30,1.0,1,360000,0
3135,1.0,26,0.0,0,120000,0
3137,0.0,33,1.0,1,30000,0
3153,1.0,25,1.0,0,270000,1
3163,0.0,24,0.0,0,260000,0
3164,1.0,41,1.0,0,380000,0
3171,1.0,29,1.0,1,70000,0
3176,0.0,28,0.0,0,40000,0
3180,0.0,29,0.0,0,20000,0
3184,1.0,24,1.0,1,130000,0
3186,1.0,35,1.0,0,290000,0
3191,0.0,34,0.0,1,50000,0
3193,1.0,25,1.0,1,240000,0
3194,1.0,24,1.0,0,350000,0
3195,0.0,38,1.0,1,280000,0
3196,0.0,21,1.0,0,130000,1
3197,0.0,25,1.0,0,130000,1
3199,0.0,27,0.0,1,10000,0
3208,0.0,22,0.0,0,130000,0
3212,1.0,1968,1.0,0,300000,0
3213,0.0,36,1.0,0,80000,0
3214,1.0,28,1.0,0,350000,0
3219,1.0,23,0.0,0,310000,0
3222,1.0,25,0.0,0,170000,0
3239,1.0,26,1.0,0,250000,1
3242,1.0,22,1.0,0,310000,0
3246,0.0,23,,1,290000,0
3247,1.0,31,1.0,0,240000,1
3260,0.0,24,0.0,0,40000,0
3263,1.0,24,1.0,0,300000,0
3264,0.0,28,0.0,0,110000,0
3269,0.0,25,1.0,0,260000,1
3273,0.0,27,1.0,0,130000,1
3280,0.0,32,,1,260000,0
3283,0.0,20,1.0,0,80000,1
3285,1.0,22,0.0,0,160000,0
3290,1.0,36,1.0,0,60000,0
3293,0.0,25,1.0,0,300000,0
3294,1.0,26,1.0,0,120000,1
3295,1.0,23,0.0,1,22000000,0
3312,1.0,35,0.0,0,9000000,0
3313,0.0,45,0.0,0,60000,0
3316,1.0,24,1.0,0,33000000,0
3317,,42,,1,300000,0
3320,1.0,21,0.0,0,70000,0
3328,0.0,28,1.0,0,4000000,0
3331,0.0,23,1.0,0,7000000,0
3332,1.0,31,0.0,0,10000,0
3334,0.0,1950,0.0,1,180000,0
3335,1.0,35,0.0,0,370000,0
3337,0.0,25,1.0,0,380000,0
3339,1.0,33,0.0,0,180000,0
3342,0.0,31,0.0,1,10000,0
3343,1.0,22,1.0,0,140000,1
3352,1.0,25,1.0,0,130000,1
3355,1.0,22,,0,130000,0
3357,1.0,25,1.0,0,30000,1
3360,0.0,51,0.0,1,30000,0
3363,1.0,51,1.0,0,28000000,0
3364,1.0,24,0.0,0,110000,0
3367,1.0,23,,0,10000,0
3368,0.0,22,0.0,0,330000,0
3371,,29,0.0,1,120000,0
3375,1.0,35,0.0,0,20000,0
3379,0.0,26,1.0,1,230000,0
3380,0.0,30,0.0,0,220000,0
3384,1.0,39,0.0,0,80000,0
3385,0.0,23,0.0,0,30000,0
3391,0.0,20,1.0,2,300000,0
3395,,28,1.0,0,40000,1
3402,1.0,24,1.0,0,90000,1
3405,1.0,1971,,1,100000,0
3408,0.0,27,0.0,0,270000,0
3415,1.0,30,1.0,0,7000000,0
3417,0.0,37,0.0,1,130000,0
3420,1.0,24,0.0,1,170000,0
3422,1.0,21,0.0,0,380000,0
3425,0.0,22,,0,80000,0
3426,0.0,22,0.0,0,0,0
3429,0.0,21,0.0,0,0,0
3431,1.0,26,0.0,1,20000,0
3433,1.0,25,0.0,0,140000,0
3435,1.0,33,0.0,0,390000,0
3436,1.0,24,,0,100000,0
3438,0.0,28,1.0,0,50000,1
3439,1.0,37,,0,0,0
3450,0.0,31,1.0,0,260000,1
3456,0.0,24,1.0,0,260000,1
3457,0.0,23,0.0,1,170000,0
3458,0.0,33,1.0,1,350000,0
3463,1.0,24,0.0,1,140000,0
3466,0.0,23,,2,70000,0
3469,1.0,23,1.0,2,70000,0
3480,1.0,22,,0,210000,0
3482,0.0,34,0.0,1,200000,0
3488,0.0,29,0.0,0,310000,0
3496,1.0,23,1.0,0,360000,0
3504,0.0,28,0.0,0,210000,0
3507,1.0,21,1.0,0,330000,0
3508,1.0,28,0.0,0,190000,0
3509,0.0,24,0.0,0,20000,0
3511,1.0,24,0.0,0,270000,0
3517,1.0,25,1.0,0,160000,1
3524,0.0,28,0.0,0,380000,0
3525,0.0,25,1.0,1,110000,0
3527,1.0,41,0.0,1,240000,0
3532,1.0,1942,,0,130000,0
3537,1.0,25,0.0,0,160000,0
3538,0.0,28,0.0,0,130000,0
3540,1.0,27,1.0,1,32000000,0
3547,1.0,20,1.0,0,350000,0
3551,0.0,30,1.0,1,110000,0
3556,0.0,1991,0.0,0,360000,0
3563,0.0,21,1.0,1,100000,0
3564,0.0,21,1.0,0,290000,1
3567,1.0,34,1.0,0,180000,1
3576,0.0,22,0.0,0,370000,0
3577,0.0,35,1.0,0,360000,0
3580,1.0,25,0.0,0,14000000,0
3582,0.0,31,0.0,0,230000,0
3584,,25,1.0,0,30000,1
3585,0.0,27,0.0,1,390000,0
3588,1.0,33,1.0,0,260000,1
3594,1.0,30,0.0,0,70000,0
3599,1.0,23,0.0,2,340000,0
3601,1.0,32,0.0,1,310000,0
3602,0.0,23,0.0,0,260000,0
3604,,25,,1,50000,0
3605,1.0,1934,0.0,0,70000,0
3607,1.0,29,1.0,0,60000,1
3608,0.0,31,1.0,0,290000,1
3609,0.0,26,1.0,0,280000,1
3610,0.0,23,0.0,1,10000,0
3611,1.0,45,0.0,1,230000,0
3619,0.0,23,1.0,1,370000,0
3621,1.0,48,0.0,0,350000,0
3622,0.0,24,0.0,0,80000,0
3624,0.0,25,0.0,1,250000,0
3625,0.0,20,0.0,0,80000,0
3626,0.0,30,1.0,0,390000,0
3629,1.0,28,1.0,1,240000,0
3638,0.0,23,0.0,0,30000,0
3639,1.0,22,1.0,0,290000,1
3641,1.0,25,1.0,0,260000,1
3642,0.0,24,1.0,0,350000,0
3650,1.0,22,1.0,1,70000,0
3651,1.0,26,1.0,0,360000,0
3665,1.0,28,0.0,0,350000,0
3667,1.0,22,0.0,0,190000,0
3677,1.0,22,0.0,0,390000,0
3678,0.0,22,1.0,1,310000,0
3679,0.0,27,1.0,0,20000,1
3686,0.0,27,0.0,0,350000,0
3687,,29,1.0,0,10000,1
3689,1.0,32,0.0,0,340000,0
3693,1.0,31,1.0,0,10000,1
3697,1.0,26,1.0,0,100000,1
3699,0.0,21,0.0,1,380000,0
3706,0.0,23,0.0,0,200000,0
3716,0.0,33,,0,330000,0
3717,1.0,30,0.0,0,250000,0
3718,1.0,33,1.0,0,40000,1
3720,1.0,30,1.0,1,270000,0
3722,0.0,22,0.0,0,380000,0
3724,1.0,26,0.0,0,250000,0
3725,0.0,25,0.0,0,140000,0
3730,1.0,33,0.0,1,240000,0
3733,0.0,24,1.0,0,240000,1
3737,1.0,27,0.0,0,220000,0
3740,0.0,1977,0.0,0,90000,0
3753,1.0,23,1.0,0,0,1
3754,1.0,25,1.0,0,200000,1
3765,0.0,25,1.0,0,270000,1
3766,1.0,24,0.0,0,130000,0
3769,0.0,35,,1,330000,0
3771,0.0,21,0.0,1,280000,0
3782,0.0,27,0.0,1,140000,0
3783,0.0,28,0.0,1,330000,0
3785,0.0,41,1.0,0,120000,0
3794,0.0,1962,1.0,1,240000,0
3795,1.0,21,,2,10000,0
3798,1.0,23,1.0,0,280000,1
3799,1.0,23,0.0,0,200000,0
3800,1.0,30,1.0,0,310000,0
3805,1.0,22,,1,280000,0
3813,0.0,24,1.0,0,150000,1
3818,0.0,36,0.0,2,330000,0
3820,0.0,23,1.0,0,20000,1
3821,1.0,28,1.0,0,320000,0
3822,0.0,28,1.0,0,340000,0
3825,1.0,23,1.0,1,170000,0
3838,0.0,24,0.0,0,370000,0
3843,1.0,32,1.0,0,170000,1
3850,0.0,27,0.0,0,130000,0
3854,1.0,32,0.0,0,250000,0
3857,0.0,44,1.0,0,170000,0
3858,1.0,39,0.0,0,130000,0
3864,0.0,32,0.0,0,330000,0
3874,0.0,26,1.0,1,70000,0
3875,0.0,22,0.0,1,110000,0
3878,0.0,25,0.0,0,320000,0
3880,0.0,30,0.0,0,30000,0
3886,1.0,25,1.0,0,110000,1
3887,0.0,32,1.0,1,220000,0
3889,0.0,24,1.0,1,140000,0
3898,0.0,28,1.0,0,220000,1
3900,1.0,22,0.0,0,60000,0
3902,0.0,22,,1,250000,0
3903,1.0,25,0.0,0,100000,0
3905,1.0,32,0.0,0,340000,0
3908,0.0,35,1.0,0,130000,0
3914,1.0,24,1.0,1,240000,0
3915,0.0,29,0.0,2,70000,0
3923,,29,0.0,0,290000,0
3925,1.0,27,1.0,0,0,1
3926,,27,1.0,1,180000,0
3934,1.0,33,0.0,0,280000,0
3936,,24,0.0,0,30000,0
3945,1.0,25,0.0,0,60000,0
3949,0.0,21,1.0,2,380000,0
3952,1.0,23,0.0,0,130000,0
3954,0.0,44,0.0,1,40000,0
3957,1.0,29,1.0,0,40000,1
3961,0.0,22,1.0,0,330000,0
3962,1.0,26,1.0,0,110000,1
3964,0.0,26,0.0,1,190000,0
3965,0.0,23,0.0,0,0,0
3970,0.0,29,1.0,0,370000,0
3973,1.0,38,0.0,0,230000,0
3980,0.0,22,0.0,0,330000,0
3984,0.0,26,1.0,1,130000,0
3990,0.0,25,1.0,0,390000,0
3991,0.0,25,1.0,0,140000,1
3993,0.0,1904,1.0,1,290000,0
3995,0.0,24,1.0,0,320000,0
3997,0.0,32,0.0,0,300000,0
4005,1.0,24,0.0,1,170000,0
4009,0.0,26,1.0,1,270000,0
4011,1.0,26,0.0,0,380000,0
4012,1.0,20,0.0,0,120000,0
4013,0.0,27,1.0,0,390000,0
4015,1.0,25,1.0,0,500000,0
4017,1.0,23,1.0,1,130000,0
4031,1.0,27,1.0,0,40000,1
4034,0.0,28,1.0,0,30000,1
4038,0.0,22,0.0,1,210000,0
4046,0.0,24,0.0,0,280000,0
4048,1.0,29,0.0,0,260000,0
4049,0.0,24,0.0,0,340000,0
4053,0.0,32,0.0,1,150000,0
4054,0.0,29,1.0,0,150000,1
4057,1.0,24,0.0,0,280000,0
4058,1.0,24,1.0,0,90000,1
4062,0.0,33,1.0,1,230000,0
4065,1.0,30,1.0,0,270000,1
4067,1.0,27,0.0,0,320000,0
4068,1.0,34,1.0,0,370000,0
4072,0.0,23,1.0,0,110000,1
4073,0.0,40,1.0,0,290000,0
4077,1.0,33,1.0,0,210000,1
4080,1.0,1900,0.0,0,220000,0
4086,0.0,30,0.0,0,220000,0
4088,0.0,29,0.0,2,20000,0
4091,0.0,21,0.0,0,390000,0
4093,1.0,23,1.0,1,310000,0
4095,0.0,24,,0,20000,0
4096,0.0,27,1.0,1,70000,0
4100,0.0,35,0.0,1,380000,0
4101,1.0,38,1.0,0,130000,0
4105,1.0,1921,1.0,0,80000,0
4106,0.0,26,0.0,0,380000,0
4108,0.0,22,0.0,1,500000,0
4111,1.0,23,0.0,1,370000,0
4112,0.0,32,1.0,0,170000,1
4113,1.0,21,0.0,1,350000,0
4116,1.0,22,1.0,1,250000,0
4120,0.0,29,1.0,0,210000,1
4128,1.0,31,1.0,0,200000,1
4129,0.0,25,,0,350000,0
4140,0.0,27,1.0,0,160000,1
4143,1.0,21,0.0,0,350000,0
4144,0.0,43,1.0,0,60000,0
4145,1.0,38,1.0,1,50000,0
4150,1.0,21,1.0,1,160000,0
4152,1.0,41,1.0,0,390000,0
4159,1.0,33,1.0,0,160000,1
4163,1.0,34,1.0,0,380000,0
4179,1.0,34,0.0,0,300000,0
4180,1.0,24,0.0,0,380000,0
4181,1.0,31,0.0,0,60000,0
4182,0.0,27,1.0,0,60000,1
4183,0.0,30,1.0,0,90000,1
4185,0.0,31,0.0,0,31000000,0
4186,1.0,27,0.0,1,370000,0
4189,0.0,24,0.0,0,250000,0
4191,,24,0.0,2,190000,0
4194,1.0,23,0.0,0,80000,0
4197,1.0,24,0.0,0,100000,0
4204,1.0,26,1.0,0,260000,1
4205,0.0,31,1.0,1,27000000,0
4206,0.0,35,0.0,0,110000,0
4209,1.0,25,0.0,0,320000,0
4217,0.0,21,0.0,0,210000,0
4222,,35,1.0,0,80000,0
4228,0.0,42,1.0,0,10000,0
4229,0.0,23,0.0,0,0,0
4231,1.0,28,1.0,0,320000,0
4232,1.0,23,0.0,2,100000,0
4234,1.0,24,0.0,1,390000,0
4236,1.0,28,0.0,0,210000,0
4242,0.0,1900,0.0,0,90000,0
4243,1.0,26,1.0,0,260000,1
4245,0.0,23,0.0,0,30000,0
4248,0.0,24,0.0,0,30000,0
4251,1.0,31,1.0,0,330000,0
4256,1.0,24,1.0,1,0,0
4267,1.0,29,0.0,0,310000,0
4269,0.0,32,,0,500000,0
4273,1.0,26,,1,220000,0
4275,0.0,21,0.0,1,300000,0
4283,1.0,28,1.0,1,150000,0
4284,1.0,53,1.0,0,120000,0
4285,0.0,64,,0,140000,0
4298,0.0,26,1.0,3,210000,0
4300,1.0,29,1.0,0,270000,1
4301,1.0,28,1.0,0,210000,1
4307,0.0,22,0.0,0,310000,0
4308,0.0,24,1.0,0,200000,1
4319,0.0,31,1.0,0,100000,1
4320,1.0,1977,1.0,0,370000,0
4322,0.0,30,1.0,0,170000,1
4328,0.0,26,1.0,0,320000,0
4331,1.0,1989,1.0,0,340000,0
4335,1.0,32,0.0,0,20000,0
4336,0.0,24,1.0,0,330000,0
4337,0.0,32,0.0,0,270000,0
4341,0.0,27,1.0,0,270000,1
4344,0.0,34,0.0,0,160000,0
4349,,23,1.0,0,130000,1
4354,1.0,21,1.0,0,30000,1
4356,1.0,24,1.0,0,230000,1
4361,1.0,24,0.0,0,300000,0
4367,0.0,34,0.0,1,340000,0
4376,0.0,33,1.0,0,140000,1
4390,0.0,29,1.0,1,290000,0
4391,0.0,21,0.0,0,350000,0
4392,0.0,21,1.0,0,80000,1
4406,1.0,1987,,1,12000000,0
4407,0.0,25,1.0,0,370000,0
4408,0.0,29,1.0,0,200000,1
4410,1.0,24,,0,250000,0
4412,0.0,34,0.0,0,200000,0
4418,0.0,35,0.0,0,80000,0
4421,0.0,26,0.0,0,270000,0
4429,0.0,22,1.0,1,320000,0
4431,1.0,21,1.0,0,200000,1
4432,0.0,26,0.0,0,20000,0
4433,0.0,23,0.0,0,500000,0
4436,0.0,24,0.0,0,70000,0
4439,1.0,35,0.0,0,320000,0
4443,0.0,29,0.0,0,0,0
4444,1.0,24,1.0,0,30000,1
4446,0.0,24,,0,70000,0
4454,0.0,28,0.0,0,160000,0
4455,0.0,29,1.0,0,60000,1
4459,0.0,25,1.0,0,320000,0
4461,0.0,24,,0,190000,0
4464,1.0,33,1.0,0,50000,1
4467,0.0,33,1.0,0,210000,1
4469,1.0,32,1.0,0,360000,0
4473,0.0,38,1.0,2,50000,0
4474,1.0,25,1.0,1,320000,0
4476,0.0,22,1.0,1,370000,0
4480,0.0,25,0.0,0,80000,0
4486,1.0,26,,0,360000,0
4487,1.0,27,1.0,0,500000,0
4488,1.0,33,0.0,0,190000,0
4489,0.0,25,0.0,0,60000,0
4491,1.0,21,1.0,0,200000,1
4495,0.0,26,0.0,0,160000,0
4502,0.0,31,0.0,1,50000,0
4503,1.0,1972,1.0,0,60000,0
4510,0.0,33,0.0,1,160000,0
4511,0.0,23,0.0,1,0,0
4516,0.0,20,1.0,0,220000,1
4519,0.0,24,0.0,1,0,0
4523,1.0,27,0.0,0,210000,0
4529,0.0,25,1.0,0,120000,1
4536,1.0,23,0.0,0,320000,0
4537,1.0,21,,0,70000,0
4542,1.0,27,0.0,0,110000,0
4543,1.0,20,1.0,0,270000,1
4546,0.0,28,1.0,0,60000,1
4547,1.0,1900,1.0,0,230000,0
4552,0.0,24,1.0,0,270000,1
4554,1.0,22,0.0,1,220000,0
4555,1.0,22,1.0,0,370000,0
4556,1.0,25,1.0,2,90000,0
4560,1.0,25,0.0,1,240000,0
4562,0.0,25,1.0,0,200000,1
4563,0.0,33,1.0,1,10000,0
4568,1.0,24,0.0,0,190000,0
4572,1.0,33,1.0,0,370000,0
4580,1.0,26,1.0,0,330000,0
4590,0.0,30,,2,130000,0
4594,0.0,24,0.0,1,120000,0
4597,1.0,21,1.0,0,20000,1
4601,0.0,22,,0,190000,0
4605,1.0,25,1.0,0,160000,1
4607,1.0,37,1.0,1,5000000,0
4609,0.0,41,1.0,0,50000,0
4618,1.0,23,0.0,0,370000,0
4624,1.0,35,1.0,0,190000,0
4625,1.0,21,0.0,0,290000,0
4626,1.0,20,1.0,0,50000,1
4638,0.0,29,0.0,0,200000,0
4639,0.0,22,0.0,1,180000,0
4642,0.0,35,1.0,0,300000,0
4647,1.0,1943,0.0,0,20000,0
4648,1.0,26,0.0,0,290000,0
4651,1.0,28,1.0,0,300000,0
4657,0.0,21,,0,300000,0
4658,0.0,26,0.0,1,34000000,0
4661,0.0,35,1.0,0,80000,0
4663,0.0,30,1.0,1,370000,0
4664,1.0,24,1.0,0,140000,1
4676,0.0,27,1.0,1,110000,0
4682,0.0,38,0.0,0,240000,0
4687,0.0,35,0.0,0,10000,0
4689,1.0,40,0.0,0,370000,0
4690,0.0,1900,,0,300000,0
4695,0.0,27,1.0,0,10000,1
4700,1.0,34,1.0,0,40000,1
4703,0.0,40,1.0,0,340000,0
4714,0.0,24,1.0,1,50000,0
4722,,21,0.0,0,180000,0
4725,1.0,21,1.0,0,230000,1
4726,,35,1.0,0,350000,0
4730,0.0,38,1.0,0,350000,0
4732,0.0,23,0.0,1,350000,0
4733,1.0,24,0.0,1,160000,0
4745,1.0,27,0.0,0,160000,0
4746,1.0,26,0.0,0,330000,0
4750,1.0,28,1.0,0,190000,1
4753,1.0,27,1.0,1,110000,0
4754,0.0,33,1.0,1,230000,0
4755,1.0,20,0.0,0,180000,0
4764,0.0,23,,0,220000,0
4766,0.0,23,0.0,0,220000,0
4767,1.0,23,1.0,0,170000,1
4769,0.0,31,0.0,0,290000,0
4776,0.0,24,0.0,0,170000,0
4783,1.0,28,0.0,0,40000,0
4788,0.0,1939,1.0,0,190000,0
4790,1.0,23,1.0,0,160000,1
4793,0.0,35,1.0,0,220000,0
4795,1.0,24,0.0,0,120000,0
4801,0.0,21,1.0,0,320000,0
4806,0.0,23,1.0,0,0,1
4810,0.0,23,1.0,0,310000,0
4820,0.0,26,0.0,0,80000,0
4821,1.0,26,1.0,1,390000,0
4822,1.0,24,0.0,0,80000,0
4829,1.0,21,,1,120000,0
4830,1.0,30,0.0,0,290000,0
4846,0.0,24,0.0,0,250000,0
4849,1.0,27,1.0,0,110000,1
4852,1.0,27,0.0,0,320000,0
4861,1.0,29,1.0,0,230000,1
4868,1.0,29,1.0,0,60000,1
4869,0.0,28,0.0,2,110000,0
4870,1.0,25,1.0,0,70000,1
4871,1.0,53,1.0,0,17000000,0
4878,1.0,23,1.0,0,330000,0
4879,1.0,23,1.0,0,120000,1
4880,1.0,1900,1.0,0,200000,0
4887,0.0,30,1.0,1,140000,0
4891,0.0,25,0.0,2,150000,0
4893,0.0,23,1.0,0,40000,1
4894,0.0,27,0.0,0,80000,0
4895,0.0,26,1.0,0,200000,1
4898,0.0,25,0.0,0,20000,0
4901,1.0,26,1.0,0,280000,1
4902,1.0,28,1.0,0,300000,0
4905,1.0,21,0.0,0,70000,0
4912,1.0,25,,0,360000,0
4916,1.0,28,0.0,0,50000,0
4919,0.0,27,0.0,0,180000,0
4920,0.0,24,0.0,0,30000,0
4932,0.0,28,0.0,0,250000,0
4933,1.0,36,,1,360000,0
4934,0.0,22,1.0,0,150000,1
4938,1.0,24,1.0,0,250000,1
4940,0.0,30,1.0,0,160000,1
4947,0.0,27,0.0,0,200000,0
4949,1.0,23,0.0,0,210000,0
4953,0.0,25,1.0,1,200000,0
4962,0.0,25,1.0,0,240000,1
4967,0.0,30,,0,320000,0
4978,1.0,30,1.0,0,340000,0
4980,1.0,34,1.0,0,350000,0
4981,0.0,45,1.0,1,230000,0
4985,1.0,23,1.0,0,240000,1
4988,1.0,23,,0,10000,0
4990,1.0,35,1.0,0,300000,0
4992,1.0,30,1.0,0,220000,1
4993,1.0,33,1.0,0,330000,0
4995,0.0,29,0.0,0,150000,0
4996,0.0,25,0.0,1,190000,0
2000,0.0,24,0.0,0,210000,0
2004,0.0,24,0.0,0,150000,0
2007,0.0,24,0.0,1,170000,0
2010,0.0,24,1.0,1,100000,0
2011,1.0,25,1.0,0,50000,1
2018,1.0,32,0.0,0,330000,0
2027,0.0,30,1.0,0,40000,1
2029,1.0,26,1.0,0,80000,1
2030,0.0,29,0.0,0,130000,0
2031,0.0,29,1.0,0,360000,0
2035,0.0,33,0.0,0,290000,0
2039,1.0,23,0.0,0,150000,0
2040,0.0,32,0.0,0,170000,0
2041,0.0,30,0.0,0,340000,0
2043,0.0,1905,0.0,0,270000,0
2049,0.0,25,0.0,0,10000,0
2050,0.0,72,1.0,0,20000,0
2051,1.0,26,1.0,0,250000,1
2052,,31,1.0,0,70000,1
2053,0.0,21,0.0,0,160000,0
2055,0.0,33,0.0,0,190000,0
2059,0.0,32,1.0,1,140000,0
2060,1.0,24,0.0,0,300000,0
2061,1.0,39,0.0,1,160000,0
2063,0.0,27,,1,370000,0
2064,0.0,25,,0,210000,0
2068,1.0,29,1.0,1,130000,0
2069,0.0,32,0.0,0,330000,0
2071,1.0,24,1.0,1,4000000,0
2072,1.0,30,0.0,0,160000,0
2073,1.0,27,1.0,1,320000,0
2075,0.0,25,1.0,0,30000,1
2076,,45,1.0,2,110000,0
2078,1.0,36,1.0,0,340000,0
2081,,31,1.0,0,290000,1
2082,1.0,1987,0.0,0,390000,0
2085,0.0,26,0.0,0,150000,0
2086,1.0,21,0.0,0,200000,0
2089,1.0,34,0.0,0,230000,0
2095,0.0,25,1.0,0,220000,1
2097,0.0,32,1.0,0,370000,0
2105,1.0,28,0.0,0,80000,0
2107,0.0,26,1.0,0,320000,0
2108,0.0,22,0.0,0,260000,0
2113,1.0,23,1.0,0,0,1
2114,1.0,28,1.0,0,180000,1
2119,1.0,23,,0,80000,0
2128,1.0,27,1.0,0,260000,1
2131,0.0,27,1.0,1,70000,0
2133,1.0,39,1.0,1,220000,0
2135,0.0,1982,1.0,0,30000,0
2136,1.0,25,1.0,0,110000,1
2137,0.0,37,0.0,0,0,0
2140,0.0,22,1.0,0,120000,1
2141,0.0,25,1.0,1,310000,0
2144,0.0,26,1.0,3,250000,0
2145,1.0,35,1.0,0,230000,0
2146,0.0,23,1.0,1,210000,0
2147,0.0,37,1.0,0,370000,0
2148,1.0,28,,0,20000,0
2152,1.0,30,0.0,1,370000,0
2153,0.0,24,1.0,1,140000,0
2154,1.0,23,,0,290000,0
2155,0.0,22,0.0,1,380000,0
2157,1.0,27,1.0,0,330000,0
2159,1.0,25,1.0,0,390000,0
2161,1.0,31,0.0,0,150000,0
2162,0.0,24,1.0,0,90000,1
2165,1.0,30,1.0,0,140000,1
2166,0.0,26,1.0,0,140000,1
2167,0.0,22,1.0,0,150000,1
2169,1.0,33,1.0,1,40000,0
2171,1.0,34,1.0,1,230000,0
2172,0.0,34,0.0,1,70000,0
2173,0.0,1930,0.0,1,300000,0
2175,1.0,22,0.0,0,38000000,0
2179,0.0,22,0.0,0,280000,0
2180,0.0,21,,1,30000,0
2181,1.0,29,1.0,0,360000,0
2182,1.0,21,0.0,2,120000,0
2184,1.0,25,0.0,0,22000000,0
2185,0.0,23,0.0,0,200000,0
2186,1.0,58,1.0,1,70000,0
2189,1.0,35,1.0,0,500000,0
2190,1.0,33,0.0,0,130000,0
2191,0.0,22,0.0,1,140000,0
2195,1.0,28,1.0,0,320000,0
2201,1.0,37,0.0,0,10000,0
2202,1.0,43,,0,230000,0
2204,1.0,33,1.0,0,230000,1
2205,1.0,25,0.0,1,260000,0
2206,1.0,27,0.0,0,160000,0
2208,1.0,22,1.0,1,150000,0
2214,1.0,43,,0,150000,0
2217,0.0,27,1.0,0,240000,1
2218,0.0,20,1.0,0,20000,1
2219,1.0,26,1.0,0,130000,1
2221,,28,1.0,0,230000,1
2223,1.0,28,0.0,1,280000,0
2228,1.0,24,0.0,2,350000,0
2230,1.0,29,0.0,0,90000,0
2231,0.0,22,1.0,0,10000,1
2233,0.0,24,1.0,0,280000,1
2234,0.0,28,0.0,2,100000,0
2236,1.0,36,0.0,1,10000,0
2237,,25,0.0,1,210000,0
2245,0.0,27,0.0,0,320000,0
2248,0.0,22,0.0,0,220000,0
2249,0.0,22,1.0,0,100000,1
2250,0.0,22,1.0,2,150000,0
2251,1.0,31,1.0,1,350000,0
2252,0.0,27,0.0,0,190000,0
2258,1.0,32,0.0,0,300000,0
2260,0.0,25,0.0,2,120000,0
2265,0.0,23,1.0,0,340000,0
2266,1.0,22,1.0,0,100000,1
2267,0.0,22,0.0,0,120000,0
2268,0.0,21,1.0,1,0,0
2270,0.0,40,1.0,2,70000,0
2272,1.0,20,0.0,0,330000,0
2273,1.0,31,1.0,0,38000000,0
2274,1.0,41,0.0,0,180000,0
2275,1.0,24,1.0,1,390000,0
2276,1.0,23,1.0,0,10000,1
2277,1.0,31,1.0,1,500000,0
2278,1.0,22,0.0,0,200000,0
2279,0.0,27,1.0,0,80000,1
2282,0.0,25,1.0,0,230000,1
2283,1.0,45,0.0,1,210000,0
2287,1.0,33,1.0,0,230000,1
2291,1.0,31,0.0,2,270000,0
2295,1.0,30,1.0,0,40000,1
2296,1.0,28,1.0,0,110000,1
2297,1.0,29,0.0,1,10000,0
2299,0.0,28,0.0,0,120000,0
2300,0.0,27,1.0,1,260000,0
2301,0.0,1922,1.0,1,230000,0
2302,,21,0.0,0,190000,0
2303,0.0,23,1.0,0,30000,1
2304,0.0,39,1.0,1,320000,0
2305,0.0,26,0.0,0,70000,0
2307,0.0,28,1.0,0,7000000,0
2310,0.0,21,0.0,0,28000000,0
2313,0.0,44,0.0,0,60000,0
2318,1.0,25,1.0,0,210000,1
2321,0.0,35,1.0,0,120000,0
2322,,23,,0,130000,0
2323,1.0,27,1.0,0,360000,0
2324,1.0,24,1.0,0,220000,1
2327,0.0,25,1.0,0,300000,0
2329,0.0,27,1.0,1,270000,0
2334,1.0,28,,0,110000,0
2335,0.0,27,,1,150000,0
2336,0.0,20,0.0,2,160000,0
2341,0.0,23,0.0,0,310000,0
2347,0.0,24,1.0,0,170000,1
2348,0.0,28,0.0,0,240000,0
2352,1.0,30,0.0,0,260000,0
2353,0.0,33,,0,0,0
2355,1.0,21,1.0,0,200000,1
2359,0.0,51,,0,20000,0
2361,1.0,22,,0,60000,0
2362,0.0,35,0.0,0,300000,0
2363,0.0,23,,0,36000000,0
2366,0.0,29,,0,190000,0
2371,0.0,77,1.0,1,170000,0
2373,1.0,22,0.0,0,16000000,0
2376,1.0,20,1.0,0,110000,1
2378,0.0,25,1.0,0,240000,1
2382,1.0,22,0.0,0,140000,0
2384,0.0,49,0.0,0,270000,0
2387,0.0,24,1.0,1,230000,0
2388,0.0,26,0.0,0,130000,0
2390,0.0,22,0.0,1,50000,0
2391,0.0,26,1.0,0,290000,1
2392,1.0,34,0.0,0,90000,0
2396,,20,0.0,1,120000,0
2397,1.0,41,0.0,0,310000,0
2398,1.0,22,1.0,1,210000,0
2399,0.0,23,1.0,0,70000,1
2401,0.0,27,1.0,0,230000,1
2403,0.0,24,1.0,0,370000,0
2404,1.0,21,0.0,0,340000,0
2411,1.0,23,1.0,0,270000,1
2413,1.0,28,0.0,1,40000,0
2418,1.0,32,1.0,0,100000,1
2419,1.0,20,0.0,0,90000,0
2421,0.0,36,0.0,0,70000,0
2422,0.0,36,0.0,1,220000,0
2423,0.0,30,1.0,0,10000,1
2426,0.0,30,1.0,2,360000,0
2429,0.0,24,1.0,0,180000,1
2430,,29,0.0,0,250000,0
2433,0.0,21,0.0,0,30000,0
2434,0.0,32,1.0,0,300000,0
2435,1.0,23,,0,100000,0
2437,1.0,26,1.0,0,11000000,0
2438,0.0,32,0.0,0,340000,0
2441,0.0,23,0.0,0,300000,0
2444,,24,0.0,0,300000,0
2448,1.0,21,0.0,0,260000,0
2449,0.0,22,0.0,1,300000,0
2450,0.0,30,,0,60000,0
2454,0.0,23,1.0,1,260000,0
2457,,32,1.0,0,0,1
2458,1.0,34,1.0,0,360000,0
2459,1.0,31,0.0,0,310000,0
2462,1.0,24,0.0,1,26000000,0
2465,0.0,21,0.0,1,330000,0
2466,0.0,29,1.0,0,280000,1
2467,0.0,26,1.0,0,210000,1
2470,0.0,22,0.0,2,220000,0
2474,1.0,45,0.0,0,250000,0
2475,0.0,25,0.0,0,280000,0
2476,,1900,0.0,1,28000000,0
2477,0.0,25,1.0,0,310000,0
2478,1.0,25,0.0,0,50000,0
2481,1.0,21,1.0,0,160000,1
2482,1.0,25,,0,37000000,0
2484,0.0,44,1.0,0,340000,0
2486,,26,0.0,0,300000,0
2488,1.0,24,0.0,0,360000,0
2491,0.0,23,1.0,0,30000,1
2492,1.0,22,1.0,0,380000,0
2493,0.0,21,0.0,0,230000,0
2494,0.0,26,0.0,0,250000,0
2500,0.0,24,0.0,0,340000,0
2501,0.0,25,1.0,0,50000,1
2503,0.0,30,1.0,0,0,1
2507,1.0,24,0.0,0,70000,0
2511,1.0,33,1.0,0,0,1
2512,0.0,33,0.0,0,370000,0
2513,0.0,39,0.0,1,180000,0
2514,1.0,26,,0,39000000,0
2517,0.0,26,0.0,1,39000000,0
2519,0.0,24,1.0,2,210000,0
2524,1.0,21,0.0,1,380000,0
2525,0.0,24,0.0,0,180000,0
2528,1.0,1949,1.0,0,30000,0
2529,1.0,28,1.0,0,210000,1
2530,0.0,31,0.0,0,310000,0
2531,0.0,36,0.0,0,180000,0
2533,0.0,23,0.0,0,130000,0
2538,0.0,31,0.0,0,10000,0
2541,0.0,24,1.0,0,230000,1
2545,0.0,25,0.0,1,380000,0
2546,1.0,25,0.0,1,350000,0
2547,1.0,30,0.0,0,310000,0
2549,0.0,1962,1.0,0,290000,0
2550,0.0,26,1.0,0,100000,1
2551,0.0,24,1.0,0,250000,1
2553,0.0,23,1.0,1,360000,0
2555,0.0,27,0.0,1,300000,0
2559,1.0,26,0.0,0,130000,0
2561,1.0,24,1.0,1,36000000,0
2563,1.0,27,0.0,0,110000,0
2569,1.0,23,0.0,0,290000,0
2571,0.0,27,0.0,0,60000,0
2572,0.0,31,0.0,2,0,0
2573,1.0,41,,0,40000,0
2574,1.0,25,1.0,0,200000,1
2575,0.0,30,1.0,1,150000,0
2576,0.0,40,1.0,2,300000,0
2577,0.0,36,0.0,0,280000,0
2578,1.0,22,0.0,0,180000,0
2580,1.0,22,1.0,0,280000,1
2581,0.0,32,1.0,0,130000,1
2583,0.0,21,1.0,0,500000,0
2585,0.0,57,0.0,0,30000,0
2587,0.0,24,0.0,1,50000,0
2589,0.0,24,0.0,0,110000,0
2593,1.0,35,0.0,0,100000,0
2594,0.0,33,1.0,1,70000,0
2597,0.0,26,,0,90000,0
2599,0.0,37,1.0,0,0,0
2602,1.0,25,1.0,0,40000,1
2607,1.0,26,0.0,0,100000,0
2610,1.0,24,1.0,0,360000,0
2614,0.0,30,0.0,0,0,0
2615,1.0,30,0.0,0,360000,0
2618,1.0,23,1.0,0,360000,0
2620,0.0,29,1.0,1,330000,0
2622,1.0,21,,0,230000,0
2624,1.0,31,0.0,0,320000,0
2626,,23,0.0,0,30000,0
2633,1.0,37,1.0,0,270000,0
2634,0.0,23,0.0,0,230000,0
2636,0.0,27,1.0,1,20000,0
2638,,29,0.0,1,40000,0
2641,1.0,22,,1,390000,0
2642,1.0,29,1.0,1,40000,0
2643,1.0,25,0.0,0,20000,0
2645,0.0,22,1.0,1,360000,0
2648,1.0,53,0.0,0,10000,0
2651,1.0,22,1.0,0,20000,1
2654,1.0,26,1.0,2,380000,0
2655,0.0,21,1.0,0,60000,1
2658,0.0,27,0.0,1,70000,0
2664,0.0,30,1.0,0,140000,1
2665,0.0,21,1.0,0,170000,1
2666,0.0,25,1.0,0,40000,1
2671,1.0,30,,0,10000,0
2673,1.0,1922,1.0,1,0,0
2674,1.0,24,1.0,0,150000,1
2675,0.0,31,1.0,0,0,1
2677,1.0,27,0.0,1,300000,0
2678,0.0,22,1.0,0,160000,1
2679,1.0,24,0.0,0,110000,0
2683,0.0,25,0.0,1,330000,0
2686,1.0,1944,1.0,0,390000,0
2695,1.0,23,1.0,0,170000,1
2697,1.0,37,1.0,0,290000,0
2702,0.0,28,0.0,0,120000,0
2703,0.0,31,1.0,1,160000,0
2706,1.0,1900,1.0,2,50000,0
2708,1.0,27,1.0,0,0,1
2712,1.0,32,,0,90000,0
2717,1.0,34,0.0,0,60000,0
2718,0.0,35,0.0,0,270000,0
2720,0.0,25,0.0,0,30000,0
2721,1.0,1944,1.0,0,120000,0
2722,1.0,28,1.0,1,220000,0
2723,0.0,29,1.0,0,380000,0
2724,1.0,29,1.0,0,100000,1
2725,0.0,25,0.0,0,250000,0
2733,1.0,22,0.0,0,170000,0
2735,0.0,25,0.0,0,380000,0
2736,0.0,25,,0,260000,0
2740,1.0,31,1.0,0,50000,1
2742,1.0,23,1.0,0,90000,1
2743,0.0,23,1.0,1,90000,0
2747,0.0,22,1.0,0,230000,1
2748,0.0,28,0.0,0,260000,0
2753,0.0,23,0.0,0,330000,0
2756,,25,0.0,1,10000,0
2758,0.0,29,0.0,0,10000,0
2759,1.0,26,0.0,0,380000,0
2761,0.0,25,1.0,0,360000,0
2769,1.0,1986,1.0,0,360000,0
2772,0.0,40,1.0,1,170000,0
2777,0.0,25,0.0,0,360000,0
2779,1.0,21,0.0,2,220000,0
2782,1.0,32,1.0,0,280000,1
2783,0.0,38,0.0,0,110000,0
2786,1.0,23,1.0,1,120000,0
2788,0.0,25,1.0,1,360000,0
2790,0.0,51,0.0,0,240000,0
2794,0.0,21,1.0,0,330000,0
2795,1.0,24,0.0,1,220000,0
2796,0.0,28,1.0,0,190000,1
2799,1.0,20,0.0,1,80000,0
2800,1.0,29,1.0,0,30000,1
2801,0.0,44,1.0,0,150000,0
2804,1.0,26,0.0,0,120000,0
2806,1.0,27,,1,160000,0
2807,1.0,24,0.0,0,330000,0
2808,1.0,21,0.0,0,160000,0
2809,1.0,24,1.0,0,240000,1
2815,1.0,22,0.0,1,180000,0
2816,1.0,23,0.0,0,320000,0
2818,0.0,23,0.0,0,310000,0
2820,1.0,25,0.0,0,220000,0
2823,0.0,21,1.0,1,230000,0
2825,,22,1.0,0,150000,1
2830,0.0,25,,0,250000,0
2831,0.0,30,1.0,1,170000,0
2834,0.0,30,0.0,0,330000,0
2835,0.0,26,0.0,0,110000,0
2839,0.0,29,0.0,1,250000,0
2841,1.0,24,1.0,1,290000,0
2843,0.0,22,1.0,1,390000,0
2845,0.0,23,0.0,0,230000,0
2847,0.0,26,0.0,0,260000,0
2851,0.0,25,1.0,0,290000,1
2857,1.0,51,0.0,1,35000000,0
2860,0.0,32,0.0,0,220000,0
2862,0.0,27,0.0,0,280000,0
2863,0.0,21,0.0,0,180000,0
2866,1.0,23,0.0,1,30000,0
2867,0.0,22,1.0,0,110000,1
2872,0.0,28,1.0,0,260000,1
2873,1.0,23,0.0,0,330000,0
2875,1.0,26,0.0,0,260000,0
2877,1.0,24,0.0,1,290000,0
2878,0.0,30,0.0,1,80000,0
2879,0.0,22,1.0,0,270000,1
2881,1.0,28,0.0,1,0,0
2883,1.0,20,1.0,0,70000,1
2886,1.0,25,0.0,1,210000,0
2889,1.0,28,1.0,0,40000,1
2891,1.0,37,,0,80000,0
2892,1.0,32,1.0,0,190000,1
2894,1.0,28,,1,170000,0
2897,1.0,37,1.0,2,370000,0
2900,1.0,24,1.0,0,100000,1
2901,0.0,36,,1,10000,0
2902,1.0,24,1.0,0,0,1
2903,1.0,24,0.0,0,340000,0
2904,0.0,21,1.0,0,380000,0
2905,1.0,37,1.0,0,10000,0
2908,1.0,26,0.0,0,10000,0
2909,1.0,25,0.0,0,250000,0
2911,1.0,27,1.0,0,310000,0
2912,0.0,30,,0,240000,0
2914,0.0,1922,1.0,0,90000,0
2917,0.0,22,0.0,0,130000,0
2920,0.0,27,0.0,1,0,0
2921,0.0,23,1.0,0,160000,1
2922,1.0,33,1.0,2,360000,0
2924,1.0,23,0.0,0,170000,0
2925,1.0,27,1.0,0,110000,1
2926,0.0,22,0.0,0,130000,0
2927,1.0,24,0.0,1,330000,0
2928,1.0,31,0.0,0,380000,0
2934,0.0,28,,0,40000,0
2936,1.0,39,1.0,1,150000,0
2938,0.0,26,1.0,0,70000,1
2939,1.0,26,1.0,0,210000,1
2941,0.0,30,1.0,0,140000,1
2942,1.0,53,0.0,0,150000,0
2945,0.0,26,0.0,1,90000,0
2947,0.0,20,0.0,0,60000,0
2950,0.0,1987,0.0,0,270000,0
2951,1.0,24,1.0,0,210000,1
2953,1.0,21,,0,310000,0
2954,1.0,34,1.0,1,200000,0
2955,0.0,26,1.0,0,270000,1
2957,,23,1.0,0,330000,0
2959,0.0,40,1.0,1,220000,0
2960,1.0,29,,0,150000,0
2962,0.0,21,0.0,1,30000,0
2963,,27,0.0,1,40000,0
2966,0.0,23,,0,380000,0
2967,1.0,29,1.0,0,17000000,0
2970,0.0,25,1.0,0,120000,1
2973,0.0,33,0.0,0,190000,0
2975,1.0,21,1.0,1,110000,0
2976,1.0,40,0.0,0,260000,0
2977,0.0,21,0.0,0,320000,0
2979,0.0,23,1.0,0,340000,0
2980,0.0,22,1.0,0,170000,1
2981,0.0,23,,1,110000,0
2983,0.0,24,1.0,0,120000,1
2984,0.0,24,0.0,1,110000,0
2989,,31,0.0,0,40000,0
2990,0.0,23,1.0,0,190000,1
2993,1.0,25,0.0,0,40000,0
2994,1.0,26,1.0,0,190000,1
2996,0.0,21,1.0,0,50000,1
2997,0.0,34,1.0,0,60000,1
3001,0.0,22,0.0,1,100000,0
3002,1.0,25,0.0,0,70000,0
3004,1.0,34,,0,80000,0
3010,1.0,35,1.0,0,40000,0
3013,1.0,26,0.0,1,270000,0
3014,0.0,26,0.0,0,220000,0
3016,0.0,20,0.0,0,280000,0
3017,0.0,23,1.0,0,10000,1
3018,1.0,27,1.0,0,500000,0
3019,1.0,27,1.0,1,370000,0
3021,0.0,44,0.0,0,310000,0
3022,0.0,28,0.0,1,390000,0
